{"cameraMode":{"drawMode":0,"name":"Shaded","section":"Shading Mode"},"sceneLighting":true,"audioPlay":false,"sceneViewState":{"m_AlwaysRefresh":false,"showFog":true,"showSkybox":true,"showFlares":true,"showImageEffects":true,"showParticleSystems":true,"showVisualEffectGraphs":true,"m_FxEnabled":true},"in2DMode":false,"pivot":{"x":10.326759338378907,"y":0.9007585048675537,"z":-4.9842529296875},"rotation":{"x":-0.5073217749595642,"y":-0.018627643585205079,"z":0.010967859998345375,"w":-0.8614880442619324},"size":17.280162811279298,"orthographic":false}